<?xml version="1.0" encoding="UTF-8"?>
<project-private xmlns="http://www.netbeans.org/ns/project-private/1">
    <editor-bookmarks xmlns="http://www.netbeans.org/ns/editor-bookmarks/2" lastBookmarkId="0"/>
    <open-files xmlns="http://www.netbeans.org/ns/projectui-open-files/2">
        <group>
            <file>file:/home/magic/git/Sistema-Casas/magic/Sistema-Casas-Estudiante-master/SBecasCasas/src/java/edu/uagro/dao/Tbl_ArrendadorDAO.java</file>
            <file>file:/home/magic/git/Sistema-Casas/magic/Sistema-Casas-Estudiante-master/SBecasCasas/src/java/edu/uagro/dto/Tbl_ArrendadorDTO.java</file>
            <file>file:/home/magic/git/Sistema-Casas/magic/Sistema-Casas-Estudiante-master/SBecasCasas/src/java/edu/uagro/controlador/casas/GestionArrendador.java</file>
            <file>file:/home/magic/git/Sistema-Casas/magic/Sistema-Casas-Estudiante-master/SBecasCasas/web/app/Casas_Estudiantes/ActualizarArrendador.xhtml</file>
            <file>file:/home/magic/git/Sistema-Casas/magic/Sistema-Casas-Estudiante-master/SBecasCasas/src/java/edu/uagro/controlador/casas/ModArrendador.java</file>
            <file>file:/home/magic/git/Sistema-Casas/magic/Sistema-Casas-Estudiante-master/SBecasCasas/src/java/edu/uagro/bo/Tbl_ArrendadorBO.java</file>
            <file>file:/home/magic/git/Sistema-Casas/magic/Sistema-Casas-Estudiante-master/SBecasCasas/web/resources/js/Casas_Estudiantes/Arrendador.js</file>
        </group>
    </open-files>
</project-private>
